<?xml version="1.0" encoding="UTF-8"?>

<!DOCTYPE application PUBLIC
          "-//Sun Microsystems, Inc.//DTD J2EE Application 1.3//EN"
          "http://java.sun.com/dtd/application_1_3.dtd">

<application>
  <display-name>ATG Rest</display-name>
  <module>
    <web>      
      <web-uri>atg-rest-web-1.0.war</web-uri>
      <context-root>/rest</context-root>
    </web>
  </module>
<!--
  <module>
    <web>   
      <web-uri>atg-jaxrs-metadata.war</web-uri>
      <context-root>/public</context-root>
    </web>
  </module>
  <module>
    <web>   
      <web-uri>atg-jaxrs-1.0.war</web-uri>
      <context-root>/public/v1</context-root>
    </web>
  </module>
-->
</application>
<!-- @version $Id: //product/REST/version/11.3.1/Actor/src/j2ee-apps/META-INF/application.xml#2 $$Change: 1510603 $-->
