<?xml version="1.0" ?>

<AtgStock>
<Stock>
<name>ROIMax, Inc</name>
<ticker>ROI</ticker>
<last>63.07</last>
<change>6.30 (10.00%)</change>
<time>07/20, 17:21</time>
<open>59.23</open>
<high>65.34</high>
<low>59.23</low>
<volume>2603500</volume>
</Stock>

<Stock>
<name>Krystal Communications, Inc.</name>
<ticker>KRYS</ticker>
<last>59.45</last>
<change>1.56 (3.27%)</change>
<time>07/20, 17:21</time>
<open>58.34</open>
<high>60.12</high>
<low>57.32</low>
<volume>19456100</volume>
</Stock>

<Stock>
<name>Geomatrix, Inc.</name>
<ticker>GEOM</ticker>
<last>61.84</last>
<change>5.23 (12.27%)</change>
<time>07/20, 17:21</time>
<open>55.34</open>
<high>62.23</high>
<low>55.65</low>
<volume>1334300</volume>
</Stock>

</AtgStock>
<!-- @version $Id: //app/portal/version/11.3.1/xmlfeed/xmlfeed.war/xml/AtgStocks.xml#1 $$Change: 1497274 $ -->
