<?xml version="1.0" encoding="UTF-8"?>

<!DOCTYPE ias-web-app PUBLIC '-//Sun Microsystems, Inc.//DTD iAS Web Application 1.0//EN' 'http://developer.iplanet.com/appserver/dtds/IASWebApp_1_0.dtd'>

<ias-web-app>
  <servlet>
    <servlet-name>NucleusServlet</servlet-name>
    <guid>{DEF075D0-EA06-1AA6-9221-080020C58E18}</guid>
    <servlet-info>
      <sticky>false</sticky>
      <encrypt>false</encrypt>
      <disable-reload>false</disable-reload>
    </servlet-info>
  </servlet>
  <servlet>
    <servlet-name>AdminProxyServlet</servlet-name>
    <guid>{9CD19811-9BCC-1AC3-B8F3-080020C58E18}</guid>
    <servlet-info>
      <sticky>false</sticky>
      <encrypt>false</encrypt>
      <disable-reload>false</disable-reload>
    </servlet-info>
  </servlet>
  <servlet>
    <servlet-name>DynamoProxyServlet</servlet-name>
    <guid>{DDC723ED-E26F-1AA7-FC3D-080020C58E18}</guid>
    <servlet-info>
      <sticky>false</sticky>
      <encrypt>false</encrypt>
      <disable-reload>false</disable-reload>
    </servlet-info>
  </servlet>
 <servlet>
    <servlet-name>SessionNameContextServlet</servlet-name>
    <guid>{FBCF1EF4-92A6-1CB4-8BC9-080020C58B0A}</guid>
    <servlet-info>
      <sticky>false</sticky>
      <encrypt>false</encrypt>
      <disable-reload>false</disable-reload>
    </servlet-info>
  </servlet>
  <servlet>
    <servlet-name>InitSessionServlet</servlet-name>
    <guid>{D645FB34-9296-1CB4-BBE6-080020C58B0A}</guid>
    <servlet-info>
      <sticky>false</sticky>
      <encrypt>false</encrypt>
      <disable-reload>false</disable-reload>
    </servlet-info>
  </servlet>
  <session-info>
    <impl>lite</impl>
    <dsync-type>dsync-distributed</dsync-type>
    <timeout-type>last-access</timeout-type>
    <secure>false</secure>
    <domain></domain>
    <path></path>
    <scope></scope>
  </session-info>
</ias-web-app>
<!-- @version $Id: //product/DAS/version/11.3.1/templates/DAF/j2ee-apps/dyn/WEB-INF/ias-web.xml#2 $$Change: 1497459 $ -->
