<?xml version="1.0" encoding="UTF-8"?>

<application xmlns="http://java.sun.com/xml/ns/j2ee" version="1.4"
             xmlns:xsi="http://www.w3.org/2001/XMLSchema-instance"
             xsi:schemaLocation="http://java.sun.com/xml/ns/j2ee http://java.sun.com/xml/ns/j2ee/application_1_4.xsd">

  <display-name>
    WebAppRef
  </display-name>
  <module>
    <web>
      <web-uri>
        webappref.war
      </web-uri>
      <context-root>
        /WebAppRef
      </context-root>
    </web>
  </module>
</application>
<!-- @version $Id: //product/Publishing/version/11.3.1/WebAppRef/inf/application.xml#1 $$Change: 1497274 $ -->
