<?xml version="1.0" encoding="UTF-8"?>

<!DOCTYPE application PUBLIC "-//Sun Microsystems, Inc.//DTD J2EE Application 1.3//EN" "http://java.sun.com/dtd/application_1_3.dtd">

<application>
  <display-name>Layout Templates</display-name>
  <description>layout templates for PAF</description>

  <module>
    <web>
      <web-uri>layoutTemplates.war</web-uri>
      <context-root>/layoutTemplates</context-root>
    </web>
  </module>
</application>
<!-- @version $Id: //app/portal/version/11.3.1/templates/inf/application.xml#1 $$Change: 1497274 $ -->
