<?xml version="1.0" encoding="UTF-8"?>

<!DOCTYPE dynamo-j2ee-specifier SYSTEM "http://www.atg.com/j2ee/dtds/dynamoJ2EESpecifier/dynamoJ2EESpecifier_1.0.dtd">

<dynamo-j2ee-specifier>

  <application-name>Order Gear</application-name>

  <war>
    <module-uri>orderstatus.war</module-uri>
    <web-application-mapping>
        <uri-prefix>/gears/commerce/orderstatus</uri-prefix>
    </web-application-mapping>    
  </war>  

</dynamo-j2ee-specifier>
<!-- @version $Id: //product/DCS/version/11.3.1/gears/OrderStatus/orderstatus.war/META-INF/DYNAMO-INF/dynamoJ2EESpecifier.xml#1 $$Change: 1497274 $ -->
