<?xml version="1.0" ?>

<AtgNews>

<category name="ROIMax News">

<story>
<id>/xml/LocalBusinessNews/001.xml</id>
<headline>
  ROIMax Inc. Ships the ROIMax Connector v2.0, Adding Additional Product Flexibility</headline>
<summary>
  ROIMax Connector v2.0 features industry's only truly flexible product</summary>
</story>

<story>
<id>/xml/LocalBusinessNews/002.xml</id>
<headline>
  ROIMax and Zydeco Launch Joint Product</headline>
<summary>
  Based On successful small business application, product for individuals launched</summary>
</story>

<story>
<id>/xml/LocalBusinessNews/003.xml</id>
<headline>
  ROIMax To Adopt Krystal Communications Technology</headline>
<summary>
  Move enables wireless deployment of employee portal</summary>
</story>

<story>
<id>/xml/LocalBusinessNews/004.xml</id>
<headline>
  ROIMax and Geomatrix Unveil Partnership Milestones for ROIMax Product</headline>
<summary>
  Geomatrix program certification and scalability benchmark demonstrate strong advantage</summary>
</story>

</category>


<category name="Business News">

<story>
<id>/xml/LocalBusinessNews/005.xml</id>
<headline>
  Stocks Up As Earnings Announced</headline>
<summary>
  ROIMax and Geomatrix lead the way with their earnings announcements </summary>
</story>


<story>
<id>/xml/LocalBusinessNews/006.xml</id>
<headline>
  Krystal Communications to Buy Taitel for $1.2 Billion</headline>
<summary>
  Acquisition marks continued consolidation in the industry</summary>
</story>


<story>
<id>/xml/LocalBusinessNews/007.xml</id>
<headline>
  Zydeco Raises Revenue Expectations</headline>
<summary>
  Key alliances open doors to new markets</summary>
</story>
</category>


<category name="Financial News">
<story>
<id>/xml/LocalBusinessNews/008.xml</id>
<headline>
  Reforms Boost Tokyo's Nikkei</headline>
<summary>
  Comprehensive building blocks fuel investor optimism</summary>
</story>

<story>
<id>/xml/LocalBusinessNews/009.xml</id>
<headline>
  Techs Rally as House Ups Chip Stocks</headline>
<summary>
  NASDAQ Composite Index rises with upgrades of chip stocks</summary>
</story>

<story>
<id>/xml/LocalBusinessNews/010.xml</id>
<headline>
  Construction Spending Rises 0.7 Percent</headline>
<summary>
  Construction activity rises for the fourth straight month</summary>
</story>

<story>
<id>/xml/LocalBusinessNews/011.xml</id>
<headline>
  Dow and Nasdaq Close Up</headline>
<summary>
  The Dow Jones Industrial Average and NASDAQ Composite Index close up for the day</summary>
</story>

</category>


</AtgNews>
<!-- @version $Id: //app/portal/version/11.3.1/xmlfeed/xmlfeed.war/xml/LocalBusinessNews/Headlines.xml#1 $$Change: 1497274 $ -->
