<?xml version="1.0" encoding="UTF-8"?>

<!DOCTYPE application PUBLIC "-//Sun Microsystems, Inc.//DTD J2EE Application 1.3//EN" "http://java.sun.com/dtd/application_1_3.dtd">

<application>
  <display-name>portal authentication pages</display-name>
  <description>authentication pages, to be updated or replace for each customization</description>

  <module>
    <web>
      <web-uri>auth.war</web-uri>
      <context-root>/portal/authentication</context-root>
    </web>
  </module>

</application>
<!-- @version $Id: //app/portal/version/11.3.1/authentication/inf/application.xml#1 $$Change: 1497274 $ -->
