<?xml version="1.0" encoding="UTF-8"?>

<application xmlns="http://java.sun.com/xml/ns/j2ee" version="1.4"
             xmlns:xsi="http://www.w3.org/2001/XMLSchema-instance"
             xsi:schemaLocation="http://java.sun.com/xml/ns/j2ee http://java.sun.com/xml/ns/j2ee/application_1_4.xsd">
  <description>A Dynamo J2EE application</description>

  <display-name>Dynamo</display-name>
  <module>
    <web>
      <web-uri>dyn.war</web-uri>
      <context-root>dyn</context-root>
    </web>
  </module>
  <module>
    <web>
      <web-uri>sshare.war</web-uri>
      <context-root>sshare</context-root>
    </web>
  </module>
</application>
<!-- @version $Id: //product/DAS/version/11.3.1/templates/DAF/j2ee-apps/META-INF/application.xml#2 $$Change: 1497459 $ -->
