<?xml version="1.0" encoding="UTF-8"?>

<!DOCTYPE dynamo-j2ee-specifier PUBLIC "-//Art Technology Group, Inc.//DTD Dynamo J2EE Application Specifier 1.3//EN" "http://www.atg.com/j2ee/dtds/dynamoJ2EESpecifier_1_3.dtd">
<dynamo-j2ee-specifier>

  <application-name>XML Protocol Gear</application-name>

  <war>
    <module-uri>xmlprotocol.war</module-uri>
    <web-application-mapping>
        <uri-prefix>/gear/xmlprotocol</uri-prefix>
    </web-application-mapping>
  </war>  

</dynamo-j2ee-specifier>
<!-- @version $Id: //app/portal/version/11.3.1/xmlprotocol/xmlprotocol.war/META-INF/DYNAMO-INF/dynamoJ2EESpecifier.xml#1 $$Change: 1497274 $ -->
