<?xml version="1.0" encoding="UTF-8"?>

<!DOCTYPE application PUBLIC
          "-//Sun Microsystems, Inc.//DTD J2EE Application 1.3//EN"
          "http://java.sun.com/dtd/application_1_3.dtd">

<application>
  <display-name>ATG Rest JAXRS Public Latest</display-name>
  <module>
    <web>   
      <web-uri>atg-jaxrspublic-latest.war</web-uri>
      <context-root>/public/latest</context-root>
    </web>
  </module>
</application>
<!-- @version $Id: //product/REST/version/11.3.1/JAXRSPublic/Latest/src/j2ee-apps/META-INF/application.xml#1 $$Change: 1497274 $-->