<?xml version="1.0" encoding="iso-8859-1" ?>

<AtgWeather>

<Forecast>

<cityname>CAMBRIDGE, MA</cityname>
<degrees>F</degrees>
<timestamp>Wed Jul 18 16:30:16 EDT 2001</timestamp>
<current_weather>
<current_condition>M/SUNNY</current_condition>
<current_image_url>/gear/xmlfeed/images/weather/sunny.gif</current_image_url>
<current_temp>68</current_temp>
<wind_direction>E</wind_direction>
<wind_speed>16</wind_speed>
<humidity>83</humidity>
<pressure>30.13</pressure>
<visibility>10</visibility>
</current_weather>
<day>
<day_name>WED</day_name>
<day_image_url>/gear/xmlfeed/images/weather/psunny.gif</day_image_url>
<day_forecast>Intermittent Clouds</day_forecast>
<day_high>73</day_high>
<day_low>60</day_low>
</day>
<day>
<day_name>THU</day_name>
<day_image_url>/gear/xmlfeed/images/weather/cloudy.gif</day_image_url>
<day_forecast>Mostly Cloudy</day_forecast>
<day_high>73</day_high>
<day_low>61</day_low>
</day>
<day>
<day_name>FRI</day_name>
<day_image_url>/gear/xmlfeed/images/weather/psunny.gif</day_image_url>
<day_forecast>Intermittent Clouds</day_forecast>
<day_high>83</day_high>
<day_low>65</day_low>
</day>
<day>
<day_name>SAT</day_name>
<day_image_url>/gear/xmlfeed/images/weather/psunny.gif</day_image_url>
<day_forecast>Partly Sunny</day_forecast>
<day_high>85</day_high>
<day_low>67</day_low>
</day>
<day>
<day_name>SUN</day_name>
<day_image_url>/gear/xmlfeed/images/weather/psunny.gif</day_image_url>
<day_forecast>Partly Sunny</day_forecast>
<day_high>87</day_high>
<day_low>68</day_low>
</day>


</Forecast>

</AtgWeather>
<!-- @version $Id: //app/portal/version/11.3.1/xmlfeed/xmlfeed.war/xml/AtgWeather.xml#1 $$Change: 1497274 $ -->
