<?xml version="1.0" ?>

<AtgNews>
<story>
<id>006</id>
<category>Press Coverage</category>
<headline>
  ROIMax Adopts Flexibility Strategy</headline>
<summary>
  news.com assesses the strengths of the Connector release</summary>
<content>April 17, 2001 - ROIMax, Inc. (Nasdaq: ROI), this week detailed plans to increase the flexibility of its entire ROIMax Product Suite, a strategy analysts applaud as great step forward in this industry.

Cambridge, Mass.-based ROIMax said its flagship ROIMax Product and Connector will have increased flexibility by year's end. ROIMax will continue to work on expanding other feature sets, but the new strategy puts greater emphasis on this key point.

ROIMax's Product Suite include the ROIMax Product and Connector, functionality that allows businesses to manage relationships and target potential customers. 
</content>
</story>



</AtgNews>
<!-- @version $Id: //app/portal/version/11.3.1/xmlfeed/xmlfeed.war/xml/LocalROIMaxNews/006.xml#1 $$Change: 1497274 $ -->
