<?xml version="1.0" ?>

<AtgNews>

<category name="Press Releases">

<story>
<id>/xml/LocalROIMaxNews/001.xml</id>
<headline>
  ROIMax Inc. Ships the ROIMax Connector v2.0, Adding Additional Product Flexibility</headline>
<summary>
  ROIMax Connector v2.0 features industry's only truly flexible product</summary>
</story>

<story>
<id>/xml/LocalROIMaxNews/002.xml</id>
<headline>
  ROIMax and Zydeco Launch Joint Product</headline>
<summary>
  Based On successful small business application, product for individuals launched</summary>
</story>

<story>
<id>/xml/LocalROIMaxNews/003.xml</id>
<headline>
  ROIMax To Adopt Krystal Communications Technology</headline>
<summary>
  Move enables wireless deployment of employee portal</summary>
</story>

<story>
<id>/xml/LocalROIMaxNews/004.xml</id>
<headline>
  ROIMax and Geomatrix Unveil Partnership Milestones for ROIMax Product</headline>
<summary>
  Geomatrix program certification and scalability benchmark demonstrate strong advantage</summary>
</story>

</category>


<category name="Press Coverage">

<story>

<id>/xml/LocalROIMaxNews/005.xml</id>
<headline>
  ROIMax Makes the "Connection" With its Latest Product Release</headline>
<summary>
  BusinessWeek covers the release of the ROIMax Connector v2.0 product</summary>
</story>


<story>
<id>/xml/LocalROIMaxNews/006.xml</id>
<headline>
  ROIMax Adopts Flexibility Strategy</headline>
<summary>
  news.com assesses the strengths of the Connector release</summary>
</story>


<story>
<id>/xml/LocalROIMaxNews/007.xml</id>
<headline>
  ROIMax Branches Out</headline>
<summary>
  Krystal Communications enables ROIMax wireless channel</summary>
</story>
</category>



</AtgNews>
<!-- @version $Id: //app/portal/version/11.3.1/xmlfeed/xmlfeed.war/xml/LocalROIMaxNews/Headlines.xml#1 $$Change: 1497274 $ -->
